,count,mean,std,min,25%,50%,75%,max,missing_count,missing_pct
iid,8378.0,4189.5,2418.6646108958553,1.0,2095.25,4189.5,6283.75,8378.0,0,0.0
id,8378.0,249.88314633564096,144.38820338539006,1.0,126.0,248.0,377.0,499.0,0,0.0
idg,8378.0,149.73597517307232,86.4113274374382,1.0,74.0,151.0,225.0,299.0,0,0.0
partner,8378.0,248.89842444497492,143.73419893193503,1.0,125.0,248.0,375.0,499.0,0,0.0
pid,8378.0,249.66567199809023,144.8015888207616,1.0,124.0,248.0,376.0,499.0,0,0.0
wave,8378.0,11.054189544043924,6.079704159551017,1.0,6.0,11.0,16.0,21.0,0,0.0
round,8378.0,7.4680114585820006,4.015071389850531,1.0,4.0,7.0,11.0,14.0,0,0.0
position,8378.0,10.099904511816662,5.485342226251364,1.0,5.0,10.0,15.0,19.0,0,0.0
positin1,8378.0,9.901289090475053,5.469454241304399,1.0,5.0,10.0,15.0,19.0,0,0.0
order,8378.0,7.484244449749344,4.035334270820103,1.0,4.0,8.0,11.0,14.0,0,0.0
condtn,8378.0,1.504655048937694,0.5000081714852657,1.0,1.0,2.0,2.0,2.0,0,0.0
zipcode,8378.0,14977.457507758414,2884.679669922274,10000.0,12428.0,15036.0,17448.75,19999.0,0,0.0
gender,8378.0,0.49892575793745525,0.5000286886626282,0.0,0.0,0.0,1.0,1.0,0,0.0
age,8378.0,31.184292193841014,7.779179418704798,18.0,24.0,31.0,38.0,44.0,0,0.0
age_o,8378.0,31.119121508713295,7.742661188774023,18.0,24.0,31.0,38.0,44.0,0,0.0
race,8378.0,3.53055621866794,1.700601948355917,1.0,2.0,4.0,5.0,6.0,0,0.0
race_o,8378.0,3.4696825017904036,1.698780164543357,1.0,2.0,3.0,5.0,6.0,0,0.0
samerace,8378.0,0.16507519694437814,0.37127056054913293,0.0,0.0,0.0,0.0,1.0,0,0.0
imprace,8378.0,5.505013129625209,2.8719912023650815,1.0,3.0,5.0,8.0,10.0,0,0.0
goal,8378.0,3.490928622582955,1.7183089710136126,1.0,2.0,3.0,5.0,6.0,0,0.0
date,8378.0,3.991047982812127,2.014343000724695,1.0,2.0,4.0,6.0,7.0,0,0.0
go_out,8378.0,4.007400334208642,1.9698558327512017,1.0,2.0,4.0,6.0,7.0,0,0.0
field_cd,8378.0,9.545356887085223,5.170799644213203,1.0,5.0,10.0,14.0,18.0,0,0.0
career_c,8378.0,8.986870374791119,4.894817695270458,1.0,5.0,9.0,13.0,17.0,0,0.0
income,8378.0,83836.40188589162,37512.214166267826,20015.0,51082.75,82916.0,116261.0,149994.0,0,0.0
mn_sat,8378.0,1197.4111959894963,231.54439432920995,800.0,997.0,1197.0,1399.0,1599.0,0,0.0
tuition,8378.0,34891.86476486035,14442.6780567556,10010.0,22631.75,34676.5,47270.5,59987.0,0,0.0
exphappy,8378.0,5.5007161613750295,2.8643789953724985,1.0,3.0,6.0,8.0,10.0,0,0.0
expnum,8378.0,4.965862974456911,2.5835042226335005,1.0,3.0,5.0,7.0,9.0,0,0.0
attr1_1,8378.0,49.52375268560515,29.34755443102878,0.0,24.0,49.0,75.0,100.0,0,0.0
sinc1_1,8378.0,49.49140606349964,29.039972947602582,0.0,24.0,49.0,75.0,100.0,0,0.0
intel1_1,8378.0,49.38147529243256,29.233417025722588,0.0,24.0,49.0,74.0,100.0,0,0.0
fun1_1,8378.0,50.02220100262593,29.24385883036199,0.0,24.0,50.0,75.0,100.0,0,0.0
amb1_1,8378.0,49.828001909763664,29.26484374185252,0.0,24.0,50.0,75.0,100.0,0,0.0
shar1_1,8378.0,49.87001671043208,29.277539859777445,0.0,24.0,50.0,75.0,100.0,0,0.0
attr3_1,8378.0,5.510861780854619,2.876336080656934,1.0,3.0,6.0,8.0,10.0,0,0.0
sinc3_1,8378.0,5.511339221771306,2.881144482109743,1.0,3.0,5.0,8.0,10.0,0,0.0
intel3_1,8378.0,5.512652184292194,2.862975502806882,1.0,3.0,6.0,8.0,10.0,0,0.0
fun3_1,8378.0,5.511577942229649,2.875793706107306,1.0,3.0,5.0,8.0,10.0,0,0.0
amb3_1,8378.0,5.517426593459059,2.864075998631094,1.0,3.0,6.0,8.0,10.0,0,0.0
attr,8378.0,4.623895917880162,2.4026937659312186,1.0,3.0,5.0,6.0,10.0,0,0.0
sinc,8378.0,4.567915970398663,2.3311258574477884,1.0,3.0,5.0,6.0,10.0,0,0.0
intel,8378.0,5.69288613034137,2.8211330089847295,1.0,3.0,6.0,8.0,10.0,0,0.0
fun,8378.0,4.739675340176653,2.4959136214319257,1.0,3.0,5.0,7.0,10.0,0,0.0
amb,8378.0,4.3731200763905465,2.170472257341283,1.0,3.0,4.0,6.0,9.0,0,0.0
shar,8378.0,4.5187395559799475,2.331220645231666,1.0,3.0,5.0,6.0,10.0,0,0.0
like,8378.0,4.30568154690857,2.442367807262629,1.0,2.0,4.0,6.0,10.0,0,0.0
prob,8378.0,3.761518262115063,2.304593496976951,1.0,2.0,3.0,5.0,10.0,0,0.0
met,8378.0,1.5115779422296491,0.49989576800685365,1.0,1.0,2.0,2.0,2.0,0,0.0
attr_o,8378.0,4.206970637383624,2.3439760700511174,1.0,2.0,4.0,6.0,10.0,0,0.0
sinc_o,8378.0,4.548102172356171,2.31672389391518,1.0,3.0,5.0,6.0,10.0,0,0.0
intel_o,8378.0,5.689066603007878,2.807351884459731,1.0,3.0,6.0,8.0,10.0,0,0.0
fun_o,8378.0,4.270947720219623,2.44253396024745,1.0,2.0,4.0,6.0,10.0,0,0.0
amb_o,8378.0,4.423012652184292,2.1454467517124334,1.0,3.0,4.0,6.0,9.0,0,0.0
shar_o,8378.0,4.541298639293387,2.3205105236698484,1.0,3.0,5.0,6.0,10.0,0,0.0
like_o,8378.0,3.8605872523275244,2.4169422569744667,1.0,2.0,4.0,5.0,10.0,0,0.0
prob_o,8378.0,3.3794461685366435,2.300789050108765,1.0,2.0,3.0,4.0,10.0,0,0.0
dec,8378.0,0.289448555741227,0.45353350575375856,0.0,0.0,0.0,1.0,1.0,0,0.0
dec_o,8378.0,0.28897111482454046,0.4533115232538144,0.0,0.0,0.0,1.0,1.0,0,0.0
int_corr,8378.0,0.0070454236276187325,0.5761613256092718,-0.9999553518927476,-0.5003352478153986,0.0088834132151439,0.5049958416857304,0.9999892185123412,0,0.0
sports,8378.0,5.542492241585104,2.8565515790823635,1.0,3.0,6.0,8.0,10.0,0,0.0
tvsports,8378.0,5.505968011458582,2.856150972276975,1.0,3.0,6.0,8.0,10.0,0,0.0
exercise,8378.0,5.505013129625209,2.871450805784643,1.0,3.0,5.0,8.0,10.0,0,0.0
dining,8378.0,5.46944378133206,2.9002080253713998,1.0,3.0,5.0,8.0,10.0,0,0.0
museums,8378.0,5.459059441394127,2.864711581815101,1.0,3.0,6.0,8.0,10.0,0,0.0
art,8378.0,5.544521365481022,2.880325458003382,1.0,3.0,6.0,8.0,10.0,0,0.0
hiking,8378.0,5.468369539269515,2.8813246096641016,1.0,3.0,5.0,8.0,10.0,0,0.0
gaming,8378.0,5.465027452852709,2.891625170305524,1.0,3.0,5.0,8.0,10.0,0,0.0
clubbing,8378.0,5.52112676056338,2.8582516597112937,1.0,3.0,5.0,8.0,10.0,0,0.0
reading,8378.0,5.482692766770112,2.8589037412596507,1.0,3.0,5.0,8.0,10.0,0,0.0
tv,8378.0,5.485079971353545,2.886095868282806,1.0,3.0,5.0,8.0,10.0,0,0.0
theater,8378.0,5.529243256147052,2.879899412857613,1.0,3.0,6.0,8.0,10.0,0,0.0
movies,8378.0,5.479947481499164,2.866766746520077,1.0,3.0,5.0,8.0,10.0,0,0.0
concerts,8378.0,5.419789925996658,2.8549887609077977,1.0,3.0,5.0,8.0,10.0,0,0.0
music,8378.0,5.492480305562187,2.867451553597718,1.0,3.0,5.0,8.0,10.0,0,0.0
shopping,8378.0,5.49558367152065,2.8795885389230915,1.0,3.0,5.0,8.0,10.0,0,0.0
yoga,8378.0,5.499761279541657,2.8778917449435224,1.0,3.0,6.0,8.0,10.0,0,0.0
match,8378.0,0.1571974218190499,0.3640085272165923,0.0,0.0,0.0,0.0,1.0,0,0.0
